{"bms": {"bpp": [0.19988194444444443, 0.2988402777777776, 0.44673611111111056, 0.6683263888888891, 0.9627986111111108, 1.4655763888888897, 2.0330416666666653, 2.7216875000000007], "psnr": [23.897150814056396, 25.15504557800293, 26.526659744262695, 28.087163276672364, 29.60244454574585, 31.903252914428712, 33.75015351486206, 35.73424911880493]}, "jpeg": {"bpp": [1.0225347222222223, 1.300105902777778, 1.5240902777777778, 1.7105746527777783, 1.886397569444444, 2.076463541666668, 2.363946180555556, 2.8256059027777805, 3.8610625000000014], "psnr": [24.0933437461853, 26.12165872192383, 27.2635897064209, 28.046062282562257, 28.69297319030762, 29.346161067962647, 30.227422931671143, 31.532780990600585, 33.8721844291687]}}